<?xml version="1.0" encoding="UTF-8"?>
<project-private xmlns="http://www.netbeans.org/ns/project-private/1">
    <editor-bookmarks xmlns="http://www.netbeans.org/ns/editor-bookmarks/2" lastBookmarkId="0"/>
    <open-files xmlns="http://www.netbeans.org/ns/projectui-open-files/2">
        <group>
            <file>file:/E:/IDB/Class%20Work/2017.11.12/MyLibrary/src/com/LibDataForm/UserForm.java</file>
            <file>file:/E:/IDB/Class%20Work/2017.11.12/MyLibrary/src/com/LibDataForm/BookEntery.java</file>
            <file>file:/E:/IDB/Class%20Work/2017.11.12/MyLibrary/src/com/LibClass/NewUser.java</file>
            <file>file:/E:/IDB/Class%20Work/2017.11.12/MyLibrary/src/com/Method/LibMethod.java</file>
            <file>file:/E:/IDB/Class%20Work/2017.11.12/MyLibrary/src/com/Method/UserMethod.java</file>
            <file>file:/E:/IDB/Class%20Work/2017.11.12/MyLibrary/src/com/LibClass/NewBook.java</file>
        </group>
    </open-files>
</project-private>
